# Train set lookup: LINE NO + ID-2 -> TS NO. From the operator's screenshot, 2026-09-29
# (docs/Screenshot-Notes.md). TrainSetNumber = "TS" + ts. Edit this file, not the code.
line,id2,ts
02,001,01
02,002,02
02,003,03
02,004,04
07,001,05
07,002,06
07,003,07
07,004,08
07,005,09
07,006,10
02,005,11
02,006,12
02,007,13
02,008,14
02,009,15
02,010,16
02,011,17
02,012,18
02,013,19
02,014,20
02,015,21
02,016,22
02,017,23
02,018,24
02,019,25
02,020,26
02,021,27
02,022,28
07,007,29
07,008,30
07,009,31
07,010,32
07,011,33
07,012,34
07,013,35
07,014,36
07,015,37
07,016,38
07,017,39
07,018,40
07,019,41
07,020,42
07,021,43
07,022,44
02,023,45
02,024,46
02,025,47
02,026,48
02,027,49
02,028,50
02,029,51
02,030,52
02,031,53
02,032,54
02,033,55
02,034,56
02,035,57
02,036,58
02,037,59
02,038,60
02,039,61
02,040,62
02,041,63
